Unique ID,Indicator ID,Name,Measure,Measure Info,Geo Type Name,Geo Join ID,Geo Place Name,Time Period,Start_Date,Data Value,Message
336867,375,Nitrogen dioxide (NO2),Mean,ppb,CD,407,Flushing and Whitestone (CD7),Winter 2014-15,12/1/2014,23.97,
336741,375,Nitrogen dioxide (NO2),Mean,ppb,CD,107,Upper West Side (CD7),Winter 2014-15,12/1/2014,27.42,
550157,375,Nitrogen dioxide (NO2),Mean,ppb,CD,414,Rockaway and Broad Channel (CD14),Annual Average 2017,1/1/2017,12.55,
412802,375,Nitrogen dioxide (NO2),Mean,ppb,CD,407,Flushing and Whitestone (CD7),Winter 2015-16,12/1/2015,22.63,
412803,375,Nitrogen dioxide (NO2),Mean,ppb,CD,407,Flushing and Whitestone (CD7),Summer 2016,6/1/2016,14,
412676,375,Nitrogen dioxide (NO2),Mean,ppb,CD,107,Upper West Side (CD7),Winter 2015-16,12/1/2015,26.43,
412677,375,Nitrogen dioxide (NO2),Mean,ppb,CD,107,Upper West Side (CD7),Summer 2016,6/1/2016,19.1,
603044,375,Nitrogen dioxide (NO2),Mean,ppb,CD,314,Flatbush and Midwood (CD14),Annual Average 2018,1/1/2018,17.28,
412804,375,Nitrogen dioxide (NO2),Mean,ppb,CD,407,Flushing and Whitestone (CD7),Annual Average 2016,12/31/2015,18.2,
825832,375,Nitrogen dioxide (NO2),Mean,ppb,CD,107,Upper West Side (CD7),Winter 2021-22,12/1/2021,22.07527023,
741291,375,Nitrogen dioxide (NO2),Mean,ppb,CD,414,Rockaway and Broad Channel (CD14),Annual Average 2021,1/1/2021,11.33729397,
166679,375,Nitrogen dioxide (NO2),Mean,ppb,CD,414,Rockaway and Broad Channel (CD14),Summer 2009,6/1/2009,8.44,
165912,375,Nitrogen dioxide (NO2),Mean,ppb,CD,414,Rockaway and Broad Channel (CD14),Winter 2010-11,12/1/2010,20.26,
167800,375,Nitrogen dioxide (NO2),Mean,ppb,CD,414,Rockaway and Broad Channel (CD14),Annual Average 2013,12/1/2012,12.54,
336888,375,Nitrogen dioxide (NO2),Mean,ppb,CD,414,Rockaway and Broad Channel (CD14),Winter 2014-15,12/1/2014,20.58,
741290,375,Nitrogen dioxide (NO2),Mean,ppb,CD,414,Rockaway and Broad Channel (CD14),Summer 2021,6/1/2021,4.850858294,
603098,375,Nitrogen dioxide (NO2),Mean,ppb,CD,414,Rockaway and Broad Channel (CD14),Annual Average 2018,1/1/2018,10.41,
826075,375,Nitrogen dioxide (NO2),Mean,ppb,CD,414,Rockaway and Broad Channel (CD14),Winter 2021-22,12/1/2021,15.70203388,
170430,365,Fine particles (PM 2.5),Mean,mcg/m3,CD,307,Sunset Park (CD7),Annual Average 2013,12/1/2012,9.18,
410984,365,Fine particles (PM 2.5),Mean,mcg/m3,CD,107,Upper West Side (CD7),Winter 2015-16,12/1/2015,8.85,
742558,365,Fine particles (PM 2.5),Mean,mcg/m3,CD,414,Rockaway and Broad Channel (CD14),Winter 2020-21,12/1/2020,6.33109299,
169393,365,Fine particles (PM 2.5),Mean,mcg/m3,CD,414,Rockaway and Broad Channel (CD14),Summer 2010,6/1/2010,10.74,
169452,365,Fine particles (PM 2.5),Mean,mcg/m3,CD,414,Rockaway and Broad Channel (CD14),Summer 2011,6/1/2011,10.59,
166856,375,Nitrogen dioxide (NO2),Mean,ppb,CD,414,Rockaway and Broad Channel (CD14),Summer 2012,6/1/2012,8.11,
166915,375,Nitrogen dioxide (NO2),Mean,ppb,CD,414,Rockaway and Broad Channel (CD14),Summer 2013,6/1/2013,7.88,
213253,375,Nitrogen dioxide (NO2),Mean,ppb,CD,307,Sunset Park (CD7),Winter 2013-14,12/1/2013,27.81,
643639,375,Nitrogen dioxide (NO2),Mean,ppb,CD,307,Sunset Park (CD7),Annual Average 2019,1/1/2019,18.52,
603046,375,Nitrogen dioxide (NO2),Mean,ppb,CD,314,Flatbush and Midwood (CD14),Winter 2017-18,12/1/2017,23.47,
643693,375,Nitrogen dioxide (NO2),Mean,ppb,CD,407,Flushing and Whitestone (CD7),Annual Average 2019,1/1/2019,16.27,
825830,375,Nitrogen dioxide (NO2),Mean,ppb,CD,107,Upper West Side (CD7),Annual Average 2022,1/1/2022,18.1703003,
603100,375,Nitrogen dioxide (NO2),Mean,ppb,CD,414,Rockaway and Broad Channel (CD14),Winter 2017-18,12/1/2017,14.31,
643714,375,Nitrogen dioxide (NO2),Mean,ppb,CD,414,Rockaway and Broad Channel (CD14),Annual Average 2019,1/1/2019,9.94,
826077,375,Nitrogen dioxide (NO2),Mean,ppb,CD,414,Rockaway and Broad Channel (CD14),Annual Average 2022,1/1/2022,11.36047467,
165794,375,Nitrogen dioxide (NO2),Mean,ppb,CD,414,Rockaway and Broad Channel (CD14),Winter 2008-09,12/1/2008,20.89,
213278,375,Nitrogen dioxide (NO2),Mean,ppb,CD,414,Rockaway and Broad Channel (CD14),Winter 2013-14,12/1/2013,22.58,
411022,365,Fine particles (PM 2.5),Mean,mcg/m3,CD,207,Kingsbridge Heights and Bedford (CD7),Annual Average 2016,12/31/2015,7.78,
169545,365,Fine particles (PM 2.5),Mean,mcg/m3,CD,307,Sunset Park (CD7),Summer 2013,6/1/2013,10.7,
170455,365,Fine particles (PM 2.5),Mean,mcg/m3,CD,414,Rockaway and Broad Channel (CD14),Annual Average 2013,12/1/2012,7.61,
742560,365,Fine particles (PM 2.5),Mean,mcg/m3,CD,414,Rockaway and Broad Channel (CD14),Annual Average 2021,1/1/2021,5.918832207,
547765,365,Fine particles (PM 2.5),Mean,mcg/m3,CD,414,Rockaway and Broad Channel (CD14),Annual Average 2017,1/1/2017,6.32,
168567,365,Fine particles (PM 2.5),Mean,mcg/m3,CD,414,Rockaway and Broad Channel (CD14),Winter 2010-11,12/1/2010,10.28,
169334,365,Fine particles (PM 2.5),Mean,mcg/m3,CD,414,Rockaway and Broad Channel (CD14),Summer 2009,6/1/2009,9.6,
643640,375,Nitrogen dioxide (NO2),Mean,ppb,CD,307,Sunset Park (CD7),Summer 2019,6/1/2019,16.22,
336866,375,Nitrogen dioxide (NO2),Mean,ppb,CD,407,Flushing and Whitestone (CD7),Summer 2015,6/1/2015,14.4,
667808,375,Nitrogen dioxide (NO2),Mean,ppb,CD,407,Flushing and Whitestone (CD7),Winter 2019-20,12/1/2019,22.99,
823206,365,Fine particles (PM 2.5),Mean,mcg/m3,CD,107,Upper West Side (CD7),Winter 2021-22,12/1/2021,6.790552345,
606059,365,Fine particles (PM 2.5),Mean,mcg/m3,CD,414,Rockaway and Broad Channel (CD14),Annual Average 2018,1/1/2018,6.06,
742559,365,Fine particles (PM 2.5),Mean,mcg/m3,CD,414,Rockaway and Broad Channel (CD14),Summer 2021,6/1/2021,7.248801127,
823566,365,Fine particles (PM 2.5),Mean,mcg/m3,CD,414,Rockaway and Broad Channel (CD14),Winter 2021-22,12/1/2021,5.964648061,
169570,365,Fine particles (PM 2.5),Mean,mcg/m3,CD,414,Rockaway and Broad Channel (CD14),Summer 2013,6/1/2013,9.44,
169511,365,Fine particles (PM 2.5),Mean,mcg/m3,CD,414,Rockaway and Broad Channel (CD14),Summer 2012,6/1/2012,9.41,
411112,365,Fine particles (PM 2.5),Mean,mcg/m3,CD,407,Flushing and Whitestone (CD7),Annual Average 2016,12/31/2015,7.26,
667850,375,Nitrogen dioxide (NO2),Mean,ppb,CD,414,Rockaway and Broad Channel (CD14),Winter 2019-20,12/1/2019,17.49,
643715,375,Nitrogen dioxide (NO2),Mean,ppb,CD,414,Rockaway and Broad Channel (CD14),Summer 2019,6/1/2019,7.22,
877256,375,Nitrogen dioxide (NO2),Mean,ppb,CD,414,Rockaway and Broad Channel (CD14),Annual Average 2023,1/1/2023,9.361544124,
877258,375,Nitrogen dioxide (NO2),Mean,ppb,CD,414,Rockaway and Broad Channel (CD14),Winter 2022-23,12/1/2022,11.87774283,
166030,375,Nitrogen dioxide (NO2),Mean,ppb,CD,414,Rockaway and Broad Channel (CD14),Winter 2012-13,12/1/2012,18.77,
167623,375,Nitrogen dioxide (NO2),Mean,ppb,CD,414,Rockaway and Broad Channel (CD14),Annual Average 2010,12/1/2009,13.95,
176652,375,Nitrogen dioxide (NO2),Mean,ppb,UHF42,211,Williamsburg - Bushwick,Annual Average 2012,12/1/2011,23.43,
176676,375,Nitrogen dioxide (NO2),Mean,ppb,UHF42,504,South Beach - Tottenville,Annual Average 2012,12/1/2011,12.47,
825979,375,Nitrogen dioxide (NO2),Mean,ppb,UHF42,504,South Beach - Tottenville,Summer 2022,6/1/2022,6.854871982,
741094,375,Nitrogen dioxide (NO2),Mean,ppb,UHF34,409,Southeast Queens,Winter 2020-21,12/1/2020,19.77780206,
213607,375,Nitrogen dioxide (NO2),Mean,ppb,CD,307,Sunset Park (CD7),Annual Average 2014,12/1/2013,20.33,
213784,365,Fine particles (PM 2.5),Mean,mcg/m3,CD,307,Sunset Park (CD7),Winter 2013-14,12/1/2013,12.62,
823204,365,Fine particles (PM 2.5),Mean,mcg/m3,CD,107,Upper West Side (CD7),Annual Average 2022,1/1/2022,6.101604201,
213809,365,Fine particles (PM 2.5),Mean,mcg/m3,CD,414,Rockaway and Broad Channel (CD14),Winter 2013-14,12/1/2013,9.87,
606061,365,Fine particles (PM 2.5),Mean,mcg/m3,CD,414,Rockaway and Broad Channel (CD14),Winter 2017-18,12/1/2017,7,
650059,365,Fine particles (PM 2.5),Mean,mcg/m3,CD,414,Rockaway and Broad Channel (CD14),Annual Average 2019,1/1/2019,5.59,
823568,365,Fine particles (PM 2.5),Mean,mcg/m3,CD,414,Rockaway and Broad Channel (CD14),Annual Average 2022,1/1/2022,5.024423733,
667809,375,Nitrogen dioxide (NO2),Mean,ppb,CD,407,Flushing and Whitestone (CD7),Summer 2020,6/1/2020,11.06,
172094,375,Nitrogen dioxide (NO2),Mean,ppb,UHF34,409,Southeast Queens,Summer 2009,6/1/2009,16.05,
336693,375,Nitrogen dioxide (NO2),Mean,ppb,UHF34,409,Southeast Queens,Winter 2014-15,12/1/2014,22.67,
549977,375,Nitrogen dioxide (NO2),Mean,ppb,UHF34,404406,Bayside Little Neck-Fresh Meadows,Annual Average 2017,1/1/2017,17.2,
741111,375,Nitrogen dioxide (NO2),Mean,ppb,UHF34,404406,Bayside Little Neck-Fresh Meadows,Annual Average 2021,1/1/2021,14.30918095,
172099,375,Nitrogen dioxide (NO2),Mean,ppb,UHF34,404406,Bayside Little Neck-Fresh Meadows,Summer 2009,6/1/2009,17.8,
172745,375,Nitrogen dioxide (NO2),Mean,ppb,UHF34,404406,Bayside Little Neck-Fresh Meadows,Annual Average 2013,12/1/2012,17.46,
171657,375,Nitrogen dioxide (NO2),Mean,ppb,UHF34,404406,Bayside Little Neck-Fresh Meadows,Winter 2010-11,12/1/2010,27.47,
336708,375,Nitrogen dioxide (NO2),Mean,ppb,UHF34,404406,Bayside Little Neck-Fresh Meadows,Winter 2014-15,12/1/2014,23,
412520,375,Nitrogen dioxide (NO2),Mean,ppb,UHF42,404,Bayside - Little Neck,Winter 2015-16,12/1/2015,20.9,
412521,375,Nitrogen dioxide (NO2),Mean,ppb,UHF42,404,Bayside - Little Neck,Summer 2016,6/1/2016,12.73,
172196,375,Nitrogen dioxide (NO2),Mean,ppb,UHF34,409,Southeast Queens,Summer 2012,6/1/2012,14.32,
172230,375,Nitrogen dioxide (NO2),Mean,ppb,UHF34,409,Southeast Queens,Summer 2013,6/1/2013,14.59,
602903,375,Nitrogen dioxide (NO2),Mean,ppb,UHF34,409,Southeast Queens,Annual Average 2018,1/1/2018,16.22,
825880,375,Nitrogen dioxide (NO2),Mean,ppb,UHF34,409,Southeast Queens,Winter 2021-22,12/1/2021,18.59771003,
602918,375,Nitrogen dioxide (NO2),Mean,ppb,UHF34,404406,Bayside Little Neck-Fresh Meadows,Annual Average 2018,1/1/2018,16.4,
825865,375,Nitrogen dioxide (NO2),Mean,ppb,UHF34,404406,Bayside Little Neck-Fresh Meadows,Winter 2021-22,12/1/2021,19.88914473,
172201,375,Nitrogen dioxide (NO2),Mean,ppb,UHF34,404406,Bayside Little Neck-Fresh Meadows,Summer 2012,6/1/2012,15.41,
172235,375,Nitrogen dioxide (NO2),Mean,ppb,UHF34,404406,Bayside Little Neck-Fresh Meadows,Summer 2013,6/1/2013,15,
412645,375,Nitrogen dioxide (NO2),Mean,ppb,UHF34,404406,Bayside Little Neck-Fresh Meadows,Annual Average 2016,12/31/2015,17.1,
740987,375,Nitrogen dioxide (NO2),Mean,ppb,UHF42,404,Bayside - Little Neck,Summer 2021,6/1/2021,9.969849112,
412438,375,Nitrogen dioxide (NO2),Mean,ppb,UHF42,104,Pelham - Throgs Neck,Annual Average 2016,12/31/2015,17.92,
176046,375,Nitrogen dioxide (NO2),Mean,ppb,UHF42,504,South Beach - Tottenville,Summer 2012,6/1/2012,8.15,
550106,375,Nitrogen dioxide (NO2),Mean,ppb,CD,315,Sheepshead Bay (CD15),Annual Average 2017,1/1/2017,16.39,
166778,375,Nitrogen dioxide (NO2),Mean,ppb,CD,313,Coney Island (CD13),Summer 2011,6/1/2011,12.93,
826338,375,Nitrogen dioxide (NO2),Mean,ppb,CD,315,Sheepshead Bay (CD15),Winter 2021-22,12/1/2021,19.05259378,
550154,375,Nitrogen dioxide (NO2),Mean,ppb,CD,413,Queens Village (CD13),Annual Average 2017,1/1/2017,16.49,
741288,375,Nitrogen dioxide (NO2),Mean,ppb,CD,413,Queens Village (CD13),Annual Average 2021,1/1/2021,14.62480522,
603095,375,Nitrogen dioxide (NO2),Mean,ppb,CD,413,Queens Village (CD13),Annual Average 2018,1/1/2018,16.26,
741287,375,Nitrogen dioxide (NO2),Mean,ppb,CD,413,Queens Village (CD13),Summer 2021,6/1/2021,10.40210304,
547714,365,Fine particles (PM 2.5),Mean,mcg/m3,CD,315,Sheepshead Bay (CD15),Annual Average 2017,1/1/2017,6.85,
411129,365,Fine particles (PM 2.5),Mean,mcg/m3,CD,413,Queens Village (CD13),Summer 2016,6/1/2016,7.08,
742555,365,Fine particles (PM 2.5),Mean,mcg/m3,CD,413,Queens Village (CD13),Winter 2020-21,12/1/2020,6.621152709,
826072,375,Nitrogen dioxide (NO2),Mean,ppb,CD,413,Queens Village (CD13),Winter 2021-22,12/1/2021,18.77722805,
603049,375,Nitrogen dioxide (NO2),Mean,ppb,CD,315,Sheepshead Bay (CD15),Winter 2017-18,12/1/2017,19.88,
826074,375,Nitrogen dioxide (NO2),Mean,ppb,CD,413,Queens Village (CD13),Annual Average 2022,1/1/2022,14.27800685,
643711,375,Nitrogen dioxide (NO2),Mean,ppb,CD,413,Queens Village (CD13),Annual Average 2019,1/1/2019,14.55,
603097,375,Nitrogen dioxide (NO2),Mean,ppb,CD,413,Queens Village (CD13),Winter 2017-18,12/1/2017,21.61,
334347,365,Fine particles (PM 2.5),Mean,mcg/m3,CD,413,Queens Village (CD13),Winter 2014-15,12/1/2014,8.23,
547762,365,Fine particles (PM 2.5),Mean,mcg/m3,CD,413,Queens Village (CD13),Annual Average 2017,1/1/2017,6.77,
742557,365,Fine particles (PM 2.5),Mean,mcg/m3,CD,413,Queens Village (CD13),Annual Average 2021,1/1/2021,6.338519067,
877201,375,Nitrogen dioxide (NO2),Mean,ppb,CD,313,Coney Island (CD13),Winter 2022-23,12/1/2022,18.02621754,
877199,375,Nitrogen dioxide (NO2),Mean,ppb,CD,313,Coney Island (CD13),Annual Average 2023,1/1/2023,13.49860962,
411130,365,Fine particles (PM 2.5),Mean,mcg/m3,CD,413,Queens Village (CD13),Annual Average 2016,12/31/2015,6.53,
606056,365,Fine particles (PM 2.5),Mean,mcg/m3,CD,413,Queens Village (CD13),Annual Average 2018,1/1/2018,6.44,
823563,365,Fine particles (PM 2.5),Mean,mcg/m3,CD,413,Queens Village (CD13),Winter 2021-22,12/1/2021,6.442329619,
742556,365,Fine particles (PM 2.5),Mean,mcg/m3,CD,413,Queens Village (CD13),Summer 2021,6/1/2021,7.801814418,
336884,375,Nitrogen dioxide (NO2),Mean,ppb,CD,413,Queens Village (CD13),Summer 2015,6/1/2015,12.07,
643712,375,Nitrogen dioxide (NO2),Mean,ppb,CD,413,Queens Village (CD13),Summer 2019,6/1/2019,13.03,
667844,375,Nitrogen dioxide (NO2),Mean,ppb,CD,413,Queens Village (CD13),Winter 2019-20,12/1/2019,20.17,
877255,375,Nitrogen dioxide (NO2),Mean,ppb,CD,413,Queens Village (CD13),Winter 2022-23,12/1/2022,17.795487,
877253,375,Nitrogen dioxide (NO2),Mean,ppb,CD,413,Queens Village (CD13),Annual Average 2023,1/1/2023,14.84317832,
172136,375,Nitrogen dioxide (NO2),Mean,ppb,UHF34,105106107,South Bronx,Summer 2010,6/1/2010,22.13,
741091,375,Nitrogen dioxide (NO2),Mean,ppb,UHF34,408,Jamaica,Winter 2020-21,12/1/2020,20.87859767,
650002,365,Fine particles (PM 2.5),Mean,mcg/m3,CD,313,Coney Island (CD13),Annual Average 2019,1/1/2019,5.98,
650008,365,Fine particles (PM 2.5),Mean,mcg/m3,CD,315,Sheepshead Bay (CD15),Annual Average 2019,1/1/2019,6.07,
176088,375,Nitrogen dioxide (NO2),Mean,ppb,UHF42,504,South Beach - Tottenville,Summer 2013,6/1/2013,7.62,
168449,365,Fine particles (PM 2.5),Mean,mcg/m3,CD,414,Rockaway and Broad Channel (CD14),Winter 2008-09,12/1/2008,10.19,
649985,365,Fine particles (PM 2.5),Mean,mcg/m3,CD,307,Sunset Park (CD7),Summer 2019,6/1/2019,8.9,
178535,365,Fine particles (PM 2.5),Mean,mcg/m3,UHF42,204,East New York,Annual Average 2012,12/1/2011,8.94,
178542,365,Fine particles (PM 2.5),Mean,mcg/m3,UHF42,211,Williamsburg - Bushwick,Annual Average 2012,12/1/2011,9.7,
178556,365,Fine particles (PM 2.5),Mean,mcg/m3,UHF42,404,Bayside - Little Neck,Annual Average 2012,12/1/2011,8.55,
178566,365,Fine particles (PM 2.5),Mean,mcg/m3,UHF42,504,South Beach - Tottenville,Annual Average 2012,12/1/2011,8.28,
179786,640,Boiler Emissions- Total SO2 Emissions,Number per km2,number,UHF42,211,Williamsburg - Bushwick,2015,1/1/2015,0.3,
177233,365,Fine particles (PM 2.5),Mean,mcg/m3,UHF42,204,East New York,Winter 2010-11,12/1/2010,11.75,
177779,365,Fine particles (PM 2.5),Mean,mcg/m3,UHF42,204,East New York,Summer 2009,6/1/2009,10.08,
177240,365,Fine particles (PM 2.5),Mean,mcg/m3,UHF42,211,Williamsburg - Bushwick,Winter 2010-11,12/1/2010,14.57,
177786,365,Fine particles (PM 2.5),Mean,mcg/m3,UHF42,211,Williamsburg - Bushwick,Summer 2009,6/1/2009,12.74,
178584,365,Fine particles (PM 2.5),Mean,mcg/m3,UHF42,211,Williamsburg - Bushwick,Annual Average 2013,12/1/2012,9.36,
547432,365,Fine particles (PM 2.5),Mean,mcg/m3,UHF42,304,Upper West Side,Annual Average 2017,1/1/2017,8.33,
177800,365,Fine particles (PM 2.5),Mean,mcg/m3,UHF42,404,Bayside - Little Neck,Summer 2009,6/1/2009,9.87,
178598,365,Fine particles (PM 2.5),Mean,mcg/m3,UHF42,404,Bayside - Little Neck,Annual Average 2013,12/1/2012,8.08,
742257,365,Fine particles (PM 2.5),Mean,mcg/m3,UHF42,404,Bayside - Little Neck,Annual Average 2021,1/1/2021,6.290971464,
742378,365,Fine particles (PM 2.5),Mean,mcg/m3,UHF34,404406,Bayside Little Neck-Fresh Meadows,Winter 2020-21,12/1/2020,6.407498086,
173663,365,Fine particles (PM 2.5),Mean,mcg/m3,UHF34,404406,Bayside Little Neck-Fresh Meadows,Summer 2010,6/1/2010,11.31,
173697,365,Fine particles (PM 2.5),Mean,mcg/m3,UHF34,404406,Bayside Little Neck-Fresh Meadows,Summer 2011,6/1/2011,11.04,
410952,365,Fine particles (PM 2.5),Mean,mcg/m3,UHF34,404406,Bayside Little Neck-Fresh Meadows,Summer 2016,6/1/2016,7.47,
410951,365,Fine particles (PM 2.5),Mean,mcg/m3,UHF34,404406,Bayside Little Neck-Fresh Meadows,Winter 2015-16,12/1/2015,7.43,
874806,365,Fine particles (PM 2.5),Mean,mcg/m3,CD,314,Flatbush and Midwood (CD14),Annual Average 2023,1/1/2023,6.529592865,
214138,365,Fine particles (PM 2.5),Mean,mcg/m3,CD,307,Sunset Park (CD7),Annual Average 2014,12/1/2013,9.7,
334327,365,Fine particles (PM 2.5),Mean,mcg/m3,CD,407,Flushing and Whitestone (CD7),Annual Average 2015,1/1/2015,8.48,
213961,365,Fine particles (PM 2.5),Mean,mcg/m3,CD,307,Sunset Park (CD7),Summer 2014,6/1/2014,9.55,
649986,365,Fine particles (PM 2.5),Mean,mcg/m3,CD,307,Sunset Park (CD7),Winter 2018-19,12/1/2018,8.02,
130428,640,Boiler Emissions- Total SO2 Emissions,Number per km2,number,UHF42,404,Bayside - Little Neck,2013,1/1/2013,1.6,
176718,375,Nitrogen dioxide (NO2),Mean,ppb,UHF42,504,South Beach - Tottenville,Annual Average 2013,12/1/2012,11.51,
175374,375,Nitrogen dioxide (NO2),Mean,ppb,UHF42,504,South Beach - Tottenville,Winter 2010-11,12/1/2010,20.56,
175920,375,Nitrogen dioxide (NO2),Mean,ppb,UHF42,504,South Beach - Tottenville,Summer 2009,6/1/2009,10.8,
177863,365,Fine particles (PM 2.5),Mean,mcg/m3,UHF42,204,East New York,Summer 2011,6/1/2011,10.9,
823517,365,Fine particles (PM 2.5),Mean,mcg/m3,CD,315,Sheepshead Bay (CD15),Annual Average 2022,1/1/2022,5.389991444,
606058,365,Fine particles (PM 2.5),Mean,mcg/m3,CD,413,Queens Village (CD13),Winter 2017-18,12/1/2017,7.47,
165952,375,Nitrogen dioxide (NO2),Mean,ppb,CD,313,Coney Island (CD13),Winter 2011-12,12/1/2011,18.16,
550105,375,Nitrogen dioxide (NO2),Mean,ppb,CD,315,Sheepshead Bay (CD15),Summer 2017,6/1/2017,10.99,
172102,375,Nitrogen dioxide (NO2),Mean,ppb,UHF34,105106107,South Bronx,Summer 2009,6/1/2009,24.57,
336690,375,Nitrogen dioxide (NO2),Mean,ppb,UHF34,408,Jamaica,Winter 2014-15,12/1/2014,23.94,
741093,375,Nitrogen dioxide (NO2),Mean,ppb,UHF34,408,Jamaica,Annual Average 2021,1/1/2021,15.2992962,
741120,375,Nitrogen dioxide (NO2),Mean,ppb,UHF34,105106107,South Bronx,Annual Average 2021,1/1/2021,18.11753712,
650056,365,Fine particles (PM 2.5),Mean,mcg/m3,CD,413,Queens Village (CD13),Annual Average 2019,1/1/2019,6.03,
823565,365,Fine particles (PM 2.5),Mean,mcg/m3,CD,413,Queens Village (CD13),Annual Average 2022,1/1/2022,5.441903521,
742315,365,Fine particles (PM 2.5),Mean,mcg/m3,UHF34,206,Borough Park,Winter 2020-21,12/1/2020,6.651149578,
173686,365,Fine particles (PM 2.5),Mean,mcg/m3,UHF34,401,Long Island City - Astoria,Summer 2011,6/1/2011,12.33,
742360,365,Fine particles (PM 2.5),Mean,mcg/m3,UHF34,408,Jamaica,Winter 2020-21,12/1/2020,6.690577085,
874805,365,Fine particles (PM 2.5),Mean,mcg/m3,CD,313,Coney Island (CD13),Winter 2022-23,12/1/2022,5.764514434,
669923,365,Fine particles (PM 2.5),Mean,mcg/m3,CD,315,Sheepshead Bay (CD15),Winter 2019-20,12/1/2019,6.97,
874811,365,Fine particles (PM 2.5),Mean,mcg/m3,CD,315,Sheepshead Bay (CD15),Winter 2022-23,12/1/2022,5.783695731,
606003,365,Fine particles (PM 2.5),Mean,mcg/m3,CD,313,Coney Island (CD13),Summer 2018,6/1/2018,7.83,
547713,365,Fine particles (PM 2.5),Mean,mcg/m3,CD,315,Sheepshead Bay (CD15),Summer 2017,6/1/2017,8.25,
742387,365,Fine particles (PM 2.5),Mean,mcg/m3,UHF34,105106107,South Bronx,Winter 2020-21,12/1/2020,6.835494527,
173176,365,Fine particles (PM 2.5),Mean,mcg/m3,UHF34,401,Long Island City - Astoria,Winter 2010-11,12/1/2010,13.64,
172739,375,Nitrogen dioxide (NO2),Mean,ppb,UHF34,408,Jamaica,Annual Average 2013,12/1/2012,18.96,
741119,375,Nitrogen dioxide (NO2),Mean,ppb,UHF34,105106107,South Bronx,Summer 2021,6/1/2021,14.46094161,
825856,375,Nitrogen dioxide (NO2),Mean,ppb,UHF34,105106107,South Bronx,Winter 2021-22,12/1/2021,22.85584381,
172229,375,Nitrogen dioxide (NO2),Mean,ppb,UHF34,408,Jamaica,Summer 2013,6/1/2013,16.57,
410890,365,Fine particles (PM 2.5),Mean,mcg/m3,UHF34,206,Borough Park,Annual Average 2016,12/31/2015,7.45,
742316,365,Fine particles (PM 2.5),Mean,mcg/m3,UHF34,206,Borough Park,Summer 2021,6/1/2021,8.338108221,
173720,365,Fine particles (PM 2.5),Mean,mcg/m3,UHF34,401,Long Island City - Astoria,Summer 2012,6/1/2012,11.18,
173754,365,Fine particles (PM 2.5),Mean,mcg/m3,UHF34,401,Long Island City - Astoria,Summer 2013,6/1/2013,11.07,
602902,375,Nitrogen dioxide (NO2),Mean,ppb,UHF34,408,Jamaica,Winter 2017-18,12/1/2017,23.83,
825854,375,Nitrogen dioxide (NO2),Mean,ppb,UHF34,105106107,South Bronx,Annual Average 2022,1/1/2022,17.25017525,
602887,375,Nitrogen dioxide (NO2),Mean,ppb,UHF34,401,Long Island City - Astoria,Winter 2017-18,12/1/2017,27.14,
643501,375,Nitrogen dioxide (NO2),Mean,ppb,UHF34,401,Long Island City - Astoria,Annual Average 2019,1/1/2019,20.24,
211576,375,Nitrogen dioxide (NO2),Mean,ppb,UHF34,408,Jamaica,Winter 2013-14,12/1/2013,26.89,
643516,375,Nitrogen dioxide (NO2),Mean,ppb,UHF34,408,Jamaica,Annual Average 2019,1/1/2019,15.51,
825881,375,Nitrogen dioxide (NO2),Mean,ppb,UHF34,408,Jamaica,Annual Average 2022,1/1/2022,14.86027012,
177821,365,Fine particles (PM 2.5),Mean,mcg/m3,UHF42,204,East New York,Summer 2010,6/1/2010,11.26,
177870,365,Fine particles (PM 2.5),Mean,mcg/m3,UHF42,211,Williamsburg - Bushwick,Summer 2011,6/1/2011,13.48,
410828,365,Fine particles (PM 2.5),Mean,mcg/m3,UHF42,404,Bayside - Little Neck,Winter 2015-16,12/1/2015,7.37,
410829,365,Fine particles (PM 2.5),Mean,mcg/m3,UHF42,404,Bayside - Little Neck,Summer 2016,6/1/2016,7.38,
742255,365,Fine particles (PM 2.5),Mean,mcg/m3,UHF42,404,Bayside - Little Neck,Winter 2020-21,12/1/2020,6.409598292,
173743,365,Fine particles (PM 2.5),Mean,mcg/m3,UHF34,205,Sunset Park,Summer 2013,6/1/2013,10.62,
605813,365,Fine particles (PM 2.5),Mean,mcg/m3,UHF34,205,Sunset Park,Annual Average 2018,1/1/2018,7.72,
177852,365,Fine particles (PM 2.5),Mean,mcg/m3,UHF42,504,South Beach - Tottenville,Summer 2010,6/1/2010,11.25,
171584,375,Nitrogen dioxide (NO2),Mean,ppb,UHF34,409,Southeast Queens,Winter 2008-09,12/1/2008,25.88,
602905,375,Nitrogen dioxide (NO2),Mean,ppb,UHF34,409,Southeast Queens,Winter 2017-18,12/1/2017,21.61,
825878,375,Nitrogen dioxide (NO2),Mean,ppb,UHF34,409,Southeast Queens,Annual Average 2022,1/1/2022,14.11301581,
643534,375,Nitrogen dioxide (NO2),Mean,ppb,UHF34,404406,Bayside Little Neck-Fresh Meadows,Annual Average 2019,1/1/2019,14.65,
825863,375,Nitrogen dioxide (NO2),Mean,ppb,UHF34,404406,Bayside Little Neck-Fresh Meadows,Annual Average 2022,1/1/2022,14.84032198,
171589,375,Nitrogen dioxide (NO2),Mean,ppb,UHF34,404406,Bayside Little Neck-Fresh Meadows,Winter 2008-09,12/1/2008,26.5,
211582,375,Nitrogen dioxide (NO2),Mean,ppb,UHF34,404406,Bayside Little Neck-Fresh Meadows,Winter 2013-14,12/1/2013,25.9,
177947,365,Fine particles (PM 2.5),Mean,mcg/m3,UHF42,204,East New York,Summer 2013,6/1/2013,9.68,
177912,365,Fine particles (PM 2.5),Mean,mcg/m3,UHF42,211,Williamsburg - Bushwick,Summer 2012,6/1/2012,12.31,
177954,365,Fine particles (PM 2.5),Mean,mcg/m3,UHF42,211,Williamsburg - Bushwick,Summer 2013,6/1/2013,12.2,
410830,365,Fine particles (PM 2.5),Mean,mcg/m3,UHF42,404,Bayside - Little Neck,Annual Average 2016,12/31/2015,6.88,
334155,365,Fine particles (PM 2.5),Mean,mcg/m3,UHF34,409,Southeast Queens,Winter 2014-15,12/1/2014,8.23,
173629,365,Fine particles (PM 2.5),Mean,mcg/m3,UHF34,404406,Bayside Little Neck-Fresh Meadows,Summer 2009,6/1/2009,9.96,
173187,365,Fine particles (PM 2.5),Mean,mcg/m3,UHF34,404406,Bayside Little Neck-Fresh Meadows,Winter 2010-11,12/1/2010,12.13,
174275,365,Fine particles (PM 2.5),Mean,mcg/m3,UHF34,404406,Bayside Little Neck-Fresh Meadows,Annual Average 2013,12/1/2012,8.13,
742365,365,Fine particles (PM 2.5),Mean,mcg/m3,UHF34,409,Southeast Queens,Annual Average 2021,1/1/2021,6.22951803,
173182,365,Fine particles (PM 2.5),Mean,mcg/m3,UHF34,409,Southeast Queens,Winter 2010-11,12/1/2010,11.44,
174270,365,Fine particles (PM 2.5),Mean,mcg/m3,UHF34,409,Southeast Queens,Annual Average 2013,12/1/2012,7.85,
173624,365,Fine particles (PM 2.5),Mean,mcg/m3,UHF34,409,Southeast Queens,Summer 2009,6/1/2009,9.65,
547570,365,Fine particles (PM 2.5),Mean,mcg/m3,UHF34,409,Southeast Queens,Annual Average 2017,1/1/2017,6.75,
742364,365,Fine particles (PM 2.5),Mean,mcg/m3,UHF34,409,Southeast Queens,Summer 2021,6/1/2021,7.692537752,
823365,365,Fine particles (PM 2.5),Mean,mcg/m3,UHF34,404406,Bayside Little Neck-Fresh Meadows,Winter 2021-22,12/1/2021,6.593739371,
173765,365,Fine particles (PM 2.5),Mean,mcg/m3,UHF34,404406,Bayside Little Neck-Fresh Meadows,Summer 2013,6/1/2013,9.95,
173731,365,Fine particles (PM 2.5),Mean,mcg/m3,UHF34,404406,Bayside Little Neck-Fresh Meadows,Summer 2012,6/1/2012,9.87,
334152,365,Fine particles (PM 2.5),Mean,mcg/m3,UHF34,408,Jamaica,Winter 2014-15,12/1/2014,8.63,
742362,365,Fine particles (PM 2.5),Mean,mcg/m3,UHF34,408,Jamaica,Annual Average 2021,1/1/2021,6.429053208,
742389,365,Fine particles (PM 2.5),Mean,mcg/m3,UHF34,105106107,South Bronx,Annual Average 2021,1/1/2021,6.826255998,
173181,365,Fine particles (PM 2.5),Mean,mcg/m3,UHF34,408,Jamaica,Winter 2010-11,12/1/2010,11.87,
173632,365,Fine particles (PM 2.5),Mean,mcg/m3,UHF34,105106107,South Bronx,Summer 2009,6/1/2009,11.35,
173190,365,Fine particles (PM 2.5),Mean,mcg/m3,UHF34,105106107,South Bronx,Winter 2010-11,12/1/2010,14.54,
174278,365,Fine particles (PM 2.5),Mean,mcg/m3,UHF34,105106107,South Bronx,Annual Average 2013,12/1/2012,9.7,
334179,365,Fine particles (PM 2.5),Mean,mcg/m3,UHF34,105106107,South Bronx,Winter 2014-15,12/1/2014,10.57,
547594,365,Fine particles (PM 2.5),Mean,mcg/m3,UHF34,105106107,South Bronx,Annual Average 2017,1/1/2017,8.2,
823356,365,Fine particles (PM 2.5),Mean,mcg/m3,UHF34,105106107,South Bronx,Winter 2021-22,12/1/2021,7.246660099,
742388,365,Fine particles (PM 2.5),Mean,mcg/m3,UHF34,105106107,South Bronx,Summer 2021,6/1/2021,8.792481229,
173734,365,Fine particles (PM 2.5),Mean,mcg/m3,UHF34,105106107,South Bronx,Summer 2012,6/1/2012,11.02,
173768,365,Fine particles (PM 2.5),Mean,mcg/m3,UHF34,105106107,South Bronx,Summer 2013,6/1/2013,10.93,
410962,365,Fine particles (PM 2.5),Mean,mcg/m3,UHF34,105106107,South Bronx,Annual Average 2016,12/31/2015,8.21,
605888,365,Fine particles (PM 2.5),Mean,mcg/m3,UHF34,105106107,South Bronx,Annual Average 2018,1/1/2018,7.7,
823426,365,Fine particles (PM 2.5),Mean,mcg/m3,UHF34,206,Borough Park,Annual Average 2022,1/1/2022,5.665083598,
605863,365,Fine particles (PM 2.5),Mean,mcg/m3,UHF34,408,Jamaica,Winter 2017-18,12/1/2017,7.71,
823354,365,Fine particles (PM 2.5),Mean,mcg/m3,UHF34,105106107,South Bronx,Annual Average 2022,1/1/2022,6.190293563,
173122,365,Fine particles (PM 2.5),Mean,mcg/m3,UHF34,105106107,South Bronx,Winter 2008-09,12/1/2008,14.74,
211891,365,Fine particles (PM 2.5),Mean,mcg/m3,UHF34,105106107,South Bronx,Winter 2013-14,12/1/2013,13.08,
605890,365,Fine particles (PM 2.5),Mean,mcg/m3,UHF34,105106107,South Bronx,Winter 2017-18,12/1/2017,8.65,
211882,365,Fine particles (PM 2.5),Mean,mcg/m3,UHF34,408,Jamaica,Winter 2013-14,12/1/2013,10.93,
649861,365,Fine particles (PM 2.5),Mean,mcg/m3,UHF34,408,Jamaica,Annual Average 2019,1/1/2019,6.24,
823381,365,Fine particles (PM 2.5),Mean,mcg/m3,UHF34,408,Jamaica,Annual Average 2022,1/1/2022,5.627665469,
173113,365,Fine particles (PM 2.5),Mean,mcg/m3,UHF34,408,Jamaica,Winter 2008-09,12/1/2008,12.69,
874391,365,Fine particles (PM 2.5),Mean,mcg/m3,UHF34,206,Borough Park,Winter 2022-23,12/1/2022,6.105061444,
874393,365,Fine particles (PM 2.5),Mean,mcg/m3,UHF34,206,Borough Park,Annual Average 2023,1/1/2023,6.58301364,
334112,365,Fine particles (PM 2.5),Mean,mcg/m3,UHF34,208,Canarsie - Flatlands,Summer 2015,6/1/2015,8.97,
173666,365,Fine particles (PM 2.5),Mean,mcg/m3,UHF34,105106107,South Bronx,Summer 2010,6/1/2010,12.64,
173700,365,Fine particles (PM 2.5),Mean,mcg/m3,UHF34,105106107,South Bronx,Summer 2011,6/1/2011,12.15,
410960,365,Fine particles (PM 2.5),Mean,mcg/m3,UHF34,105106107,South Bronx,Winter 2015-16,12/1/2015,8.76,
410961,365,Fine particles (PM 2.5),Mean,mcg/m3,UHF34,105106107,South Bronx,Summer 2016,6/1/2016,8.89,
823564,365,Fine particles (PM 2.5),Mean,mcg/m3,CD,413,Queens Village (CD13),Summer 2022,6/1/2022,6.146248912,
877085,375,Nitrogen dioxide (NO2),Mean,ppb,UHF34,105106107,South Bronx,Annual Average 2023,1/1/2023,17.32567467,
877087,375,Nitrogen dioxide (NO2),Mean,ppb,UHF34,105106107,South Bronx,Winter 2022-23,12/1/2022,21.77739196,
410953,365,Fine particles (PM 2.5),Mean,mcg/m3,UHF34,404406,Bayside Little Neck-Fresh Meadows,Annual Average 2016,12/31/2015,6.94,
173760,365,Fine particles (PM 2.5),Mean,mcg/m3,UHF34,409,Southeast Queens,Summer 2013,6/1/2013,9.75,
173097,365,Fine particles (PM 2.5),Mean,mcg/m3,UHF34,205,Sunset Park,Winter 2008-09,12/1/2008,13.49,
605815,365,Fine particles (PM 2.5),Mean,mcg/m3,UHF34,205,Sunset Park,Winter 2017-18,12/1/2017,9.25,
649813,365,Fine particles (PM 2.5),Mean,mcg/m3,UHF34,205,Sunset Park,Annual Average 2019,1/1/2019,7.32,
605881,365,Fine particles (PM 2.5),Mean,mcg/m3,UHF34,404406,Bayside Little Neck-Fresh Meadows,Winter 2017-18,12/1/2017,7.58,
649879,365,Fine particles (PM 2.5),Mean,mcg/m3,UHF34,404406,Bayside Little Neck-Fresh Meadows,Annual Average 2019,1/1/2019,6.19,
823363,365,Fine particles (PM 2.5),Mean,mcg/m3,UHF34,404406,Bayside Little Neck-Fresh Meadows,Annual Average 2022,1/1/2022,5.555328298,
173119,365,Fine particles (PM 2.5),Mean,mcg/m3,UHF34,404406,Bayside Little Neck-Fresh Meadows,Winter 2008-09,12/1/2008,12.4,
211888,365,Fine particles (PM 2.5),Mean,mcg/m3,UHF34,404406,Bayside Little Neck-Fresh Meadows,Winter 2013-14,12/1/2013,10.97,
173114,365,Fine particles (PM 2.5),Mean,mcg/m3,UHF34,409,Southeast Queens,Winter 2008-09,12/1/2008,11.72,
211883,365,Fine particles (PM 2.5),Mean,mcg/m3,UHF34,409,Southeast Queens,Winter 2013-14,12/1/2013,10.35,
605866,365,Fine particles (PM 2.5),Mean,mcg/m3,UHF34,409,Southeast Queens,Winter 2017-18,12/1/2017,7.46,
649864,365,Fine particles (PM 2.5),Mean,mcg/m3,UHF34,409,Southeast Queens,Annual Average 2019,1/1/2019,6.01,
173233,365,Fine particles (PM 2.5),Mean,mcg/m3,UHF34,205,Sunset Park,Winter 2012-13,12/1/2012,10.78,
173726,365,Fine particles (PM 2.5),Mean,mcg/m3,UHF34,409,Southeast Queens,Summer 2012,6/1/2012,9.61,
410938,365,Fine particles (PM 2.5),Mean,mcg/m3,UHF34,409,Southeast Queens,Annual Average 2016,12/31/2015,6.51,
605864,365,Fine particles (PM 2.5),Mean,mcg/m3,UHF34,409,Southeast Queens,Annual Average 2018,1/1/2018,6.42,
605879,365,Fine particles (PM 2.5),Mean,mcg/m3,UHF34,404406,Bayside Little Neck-Fresh Meadows,Annual Average 2018,1/1/2018,6.51,
742379,365,Fine particles (PM 2.5),Mean,mcg/m3,UHF34,404406,Bayside Little Neck-Fresh Meadows,Summer 2021,6/1/2021,7.911146996,
742363,365,Fine particles (PM 2.5),Mean,mcg/m3,UHF34,409,Southeast Queens,Winter 2020-21,12/1/2020,6.48277595,
173658,365,Fine particles (PM 2.5),Mean,mcg/m3,UHF34,409,Southeast Queens,Summer 2010,6/1/2010,10.98,
173692,365,Fine particles (PM 2.5),Mean,mcg/m3,UHF34,409,Southeast Queens,Summer 2011,6/1/2011,10.79,
410936,365,Fine particles (PM 2.5),Mean,mcg/m3,UHF34,409,Southeast Queens,Winter 2015-16,12/1/2015,6.89,
410937,365,Fine particles (PM 2.5),Mean,mcg/m3,UHF34,409,Southeast Queens,Summer 2016,6/1/2016,7.06,
650038,365,Fine particles (PM 2.5),Mean,mcg/m3,CD,407,Flushing and Whitestone (CD7),Annual Average 2019,1/1/2019,6.65,
168442,365,Fine particles (PM 2.5),Mean,mcg/m3,CD,407,Flushing and Whitestone (CD7),Winter 2008-09,12/1/2008,12.79,
213802,365,Fine particles (PM 2.5),Mean,mcg/m3,CD,407,Flushing and Whitestone (CD7),Winter 2013-14,12/1/2013,11.51,
177264,365,Fine particles (PM 2.5),Mean,mcg/m3,UHF42,504,South Beach - Tottenville,Winter 2010-11,12/1/2010,11.47,
178608,365,Fine particles (PM 2.5),Mean,mcg/m3,UHF42,504,South Beach - Tottenville,Annual Average 2013,12/1/2012,7.82,
178458,365,Fine particles (PM 2.5),Mean,mcg/m3,UHF42,211,Williamsburg - Bushwick,Annual Average 2010,12/1/2009,10.33,
178472,365,Fine particles (PM 2.5),Mean,mcg/m3,UHF42,404,Bayside - Little Neck,Annual Average 2010,12/1/2009,8.98,
172637,375,Nitrogen dioxide (NO2),Mean,ppb,UHF34,408,Jamaica,Annual Average 2010,12/1/2009,21.22,
172190,375,Nitrogen dioxide (NO2),Mean,ppb,UHF34,401,Long Island City - Astoria,Summer 2012,6/1/2012,18.77,
412627,375,Nitrogen dioxide (NO2),Mean,ppb,UHF34,408,Jamaica,Annual Average 2016,12/31/2015,17.56,
602900,375,Nitrogen dioxide (NO2),Mean,ppb,UHF34,408,Jamaica,Annual Average 2018,1/1/2018,17.55,
741092,375,Nitrogen dioxide (NO2),Mean,ppb,UHF34,408,Jamaica,Summer 2021,6/1/2021,10.79354872,
825883,375,Nitrogen dioxide (NO2),Mean,ppb,UHF34,408,Jamaica,Winter 2021-22,12/1/2021,19.71102945,
741047,375,Nitrogen dioxide (NO2),Mean,ppb,UHF34,206,Borough Park,Summer 2021,6/1/2021,11.36657578,
825928,375,Nitrogen dioxide (NO2),Mean,ppb,UHF34,206,Borough Park,Winter 2021-22,12/1/2021,21.0263611,
825922,375,Nitrogen dioxide (NO2),Mean,ppb,UHF34,208,Canarsie - Flatlands,Winter 2021-22,12/1/2021,19.18550528,
172238,375,Nitrogen dioxide (NO2),Mean,ppb,UHF34,105106107,South Bronx,Summer 2013,6/1/2013,18.56,
412654,375,Nitrogen dioxide (NO2),Mean,ppb,UHF34,105106107,South Bronx,Annual Average 2016,12/31/2015,20.38,
602927,375,Nitrogen dioxide (NO2),Mean,ppb,UHF34,105106107,South Bronx,Annual Average 2018,1/1/2018,20.25,
172204,375,Nitrogen dioxide (NO2),Mean,ppb,UHF34,105106107,South Bronx,Summer 2012,6/1/2012,18.99,
172195,375,Nitrogen dioxide (NO2),Mean,ppb,UHF34,408,Jamaica,Summer 2012,6/1/2012,16.21,
743660,386,Ozone (O3),Mean,ppb,UHF34,408,Jamaica,Summer 2021,6/1/2021,30.99122698,
741118,375,Nitrogen dioxide (NO2),Mean,ppb,UHF34,105106107,South Bronx,Winter 2020-21,12/1/2020,21.48186462,
172127,375,Nitrogen dioxide (NO2),Mean,ppb,UHF34,408,Jamaica,Summer 2010,6/1/2010,17.87,
172161,375,Nitrogen dioxide (NO2),Mean,ppb,UHF34,408,Jamaica,Summer 2011,6/1/2011,17.26,
412625,375,Nitrogen dioxide (NO2),Mean,ppb,UHF34,408,Jamaica,Winter 2015-16,12/1/2015,22.45,
412626,375,Nitrogen dioxide (NO2),Mean,ppb,UHF34,408,Jamaica,Summer 2016,6/1/2016,13.11,
741052,375,Nitrogen dioxide (NO2),Mean,ppb,UHF34,208,Canarsie - Flatlands,Winter 2020-21,12/1/2020,21.17469782,
412653,375,Nitrogen dioxide (NO2),Mean,ppb,UHF34,105106107,South Bronx,Summer 2016,6/1/2016,16.36,
412652,375,Nitrogen dioxide (NO2),Mean,ppb,UHF34,105106107,South Bronx,Winter 2015-16,12/1/2015,24.29,
172170,375,Nitrogen dioxide (NO2),Mean,ppb,UHF34,105106107,South Bronx,Summer 2011,6/1/2011,20.69,
877200,375,Nitrogen dioxide (NO2),Mean,ppb,CD,313,Coney Island (CD13),Summer 2023,6/1/2023,8.914378523,
643665,375,Nitrogen dioxide (NO2),Mean,ppb,CD,315,Sheepshead Bay (CD15),Winter 2018-19,12/1/2018,18.67,
826073,375,Nitrogen dioxide (NO2),Mean,ppb,CD,413,Queens Village (CD13),Summer 2022,6/1/2022,9.959880539,
167740,375,Nitrogen dioxide (NO2),Mean,ppb,CD,413,Queens Village (CD13),Annual Average 2012,12/1/2011,17.39,
166855,375,Nitrogen dioxide (NO2),Mean,ppb,CD,413,Queens Village (CD13),Summer 2012,6/1/2012,14.35,
166914,375,Nitrogen dioxide (NO2),Mean,ppb,CD,413,Queens Village (CD13),Summer 2013,6/1/2013,14.63,
412822,375,Nitrogen dioxide (NO2),Mean,ppb,CD,413,Queens Village (CD13),Annual Average 2016,12/31/2015,16.21,
741286,375,Nitrogen dioxide (NO2),Mean,ppb,CD,413,Queens Village (CD13),Winter 2020-21,12/1/2020,20.08999115,
412820,375,Nitrogen dioxide (NO2),Mean,ppb,CD,413,Queens Village (CD13),Winter 2015-16,12/1/2015,21.13,
412125,386,Ozone (O3),Mean,ppb,CD,413,Queens Village (CD13),Summer 2016,6/1/2016,34.43,
166737,375,Nitrogen dioxide (NO2),Mean,ppb,CD,413,Queens Village (CD13),Summer 2010,6/1/2010,16.19,
166796,375,Nitrogen dioxide (NO2),Mean,ppb,CD,413,Queens Village (CD13),Summer 2011,6/1/2011,15.36,
874453,365,Fine particles (PM 2.5),Mean,mcg/m3,UHF42,404,Bayside - Little Neck,Annual Average 2023,1/1/2023,6.483274289,
170371,365,Fine particles (PM 2.5),Mean,mcg/m3,CD,307,Sunset Park (CD7),Annual Average 2012,12/1/2011,9.66,
823205,365,Fine particles (PM 2.5),Mean,mcg/m3,CD,107,Upper West Side (CD7),Summer 2022,6/1/2022,7.006053998,
823567,365,Fine particles (PM 2.5),Mean,mcg/m3,CD,414,Rockaway and Broad Channel (CD14),Summer 2022,6/1/2022,5.544136503,
170396,365,Fine particles (PM 2.5),Mean,mcg/m3,CD,414,Rockaway and Broad Channel (CD14),Annual Average 2012,12/1/2011,7.36,
823317,365,Fine particles (PM 2.5),Mean,mcg/m3,UHF42,104,Pelham - Throgs Neck,Winter 2021-22,12/1/2021,7.246513807,
742286,365,Fine particles (PM 2.5),Mean,mcg/m3,UHF42,504,South Beach - Tottenville,Summer 2021,6/1/2021,7.6181679,
823458,365,Fine particles (PM 2.5),Mean,mcg/m3,UHF42,504,South Beach - Tottenville,Winter 2021-22,12/1/2021,5.795551825,
410860,365,Fine particles (PM 2.5),Mean,mcg/m3,UHF42,504,South Beach - Tottenville,Annual Average 2016,12/31/2015,6.59,
605786,365,Fine particles (PM 2.5),Mean,mcg/m3,UHF42,504,South Beach - Tottenville,Annual Average 2018,1/1/2018,6.18,
179778,640,Boiler Emissions- Total SO2 Emissions,Number per km2,number,UHF42,204,East New York,2015,1/1/2015,0.1,
179766,640,Boiler Emissions- Total SO2 Emissions,Number per km2,number,UHF42,504,South Beach - Tottenville,2015,1/1/2015,0,
823457,365,Fine particles (PM 2.5),Mean,mcg/m3,UHF42,504,South Beach - Tottenville,Summer 2022,6/1/2022,5.641128028,
171720,375,Nitrogen dioxide (NO2),Mean,ppb,UHF34,409,Southeast Queens,Winter 2012-13,12/1/2012,20.46,
336692,375,Nitrogen dioxide (NO2),Mean,ppb,UHF34,409,Southeast Queens,Summer 2015,6/1/2015,12.04,
667490,375,Nitrogen dioxide (NO2),Mean,ppb,UHF34,404406,Bayside Little Neck-Fresh Meadows,Winter 2019-20,12/1/2019,20.96,
643535,375,Nitrogen dioxide (NO2),Mean,ppb,UHF34,404406,Bayside Little Neck-Fresh Meadows,Summer 2019,6/1/2019,12.56,
877076,375,Nitrogen dioxide (NO2),Mean,ppb,UHF34,404406,Bayside Little Neck-Fresh Meadows,Annual Average 2023,1/1/2023,15.04427297,
877078,375,Nitrogen dioxide (NO2),Mean,ppb,UHF34,404406,Bayside Little Neck-Fresh Meadows,Winter 2022-23,12/1/2022,18.15226975,
172643,375,Nitrogen dioxide (NO2),Mean,ppb,UHF34,404406,Bayside Little Neck-Fresh Meadows,Annual Average 2010,12/1/2009,20.2,
171725,375,Nitrogen dioxide (NO2),Mean,ppb,UHF34,404406,Bayside Little Neck-Fresh Meadows,Winter 2012-13,12/1/2012,20.62,
336707,375,Nitrogen dioxide (NO2),Mean,ppb,UHF34,404406,Bayside Little Neck-Fresh Meadows,Summer 2015,6/1/2015,13.18,
172179,375,Nitrogen dioxide (NO2),Mean,ppb,UHF34,205,Sunset Park,Summer 2012,6/1/2012,17.13,
172213,375,Nitrogen dioxide (NO2),Mean,ppb,UHF34,205,Sunset Park,Summer 2013,6/1/2013,16.77,
602852,375,Nitrogen dioxide (NO2),Mean,ppb,UHF34,205,Sunset Park,Annual Average 2018,1/1/2018,19.67,
412630,375,Nitrogen dioxide (NO2),Mean,ppb,UHF34,409,Southeast Queens,Annual Average 2016,12/31/2015,16.16,
741110,375,Nitrogen dioxide (NO2),Mean,ppb,UHF34,404406,Bayside Little Neck-Fresh Meadows,Summer 2021,6/1/2021,10.19669042,
221943,386,Ozone (O3),Mean,ppb,UHF34,409,Southeast Queens,Summer 2013,6/1/2013,31.79,
743659,386,Ozone (O3),Mean,ppb,UHF34,409,Southeast Queens,Summer 2021,6/1/2021,31.45354126,
172167,375,Nitrogen dioxide (NO2),Mean,ppb,UHF34,404406,Bayside Little Neck-Fresh Meadows,Summer 2011,6/1/2011,16.24,
172133,375,Nitrogen dioxide (NO2),Mean,ppb,UHF34,404406,Bayside Little Neck-Fresh Meadows,Summer 2010,6/1/2010,16.81,
412643,375,Nitrogen dioxide (NO2),Mean,ppb,UHF34,404406,Bayside Little Neck-Fresh Meadows,Winter 2015-16,12/1/2015,21.62,
167776,375,Nitrogen dioxide (NO2),Mean,ppb,CD,308,Crown Heights and Prospect Heights (CD8),Annual Average 2013,12/1/2012,22.84,
336870,375,Nitrogen dioxide (NO2),Mean,ppb,CD,408,Hillcrest and Fresh Meadows (CD8),Winter 2014-15,12/1/2014,23.58,
412800,375,Nitrogen dioxide (NO2),Mean,ppb,CD,406,Rego Park and Forest Hills (CD6),Summer 2016,6/1/2016,14.49,
412799,375,Nitrogen dioxide (NO2),Mean,ppb,CD,406,Rego Park and Forest Hills (CD6),Winter 2015-16,12/1/2015,23.94,
412801,375,Nitrogen dioxide (NO2),Mean,ppb,CD,406,Rego Park and Forest Hills (CD6),Annual Average 2016,12/31/2015,19.31,
826365,375,Nitrogen dioxide (NO2),Mean,ppb,CD,406,Rego Park and Forest Hills (CD6),Winter 2021-22,12/1/2021,20.79899333,
826371,375,Nitrogen dioxide (NO2),Mean,ppb,CD,408,Hillcrest and Fresh Meadows (CD8),Winter 2021-22,12/1/2021,19.80003203,
170431,365,Fine particles (PM 2.5),Mean,mcg/m3,CD,308,Crown Heights and Prospect Heights (CD8),Annual Average 2013,12/1/2012,8.77,
411107,365,Fine particles (PM 2.5),Mean,mcg/m3,CD,406,Rego Park and Forest Hills (CD6),Winter 2015-16,12/1/2015,7.96,
411108,365,Fine particles (PM 2.5),Mean,mcg/m3,CD,406,Rego Park and Forest Hills (CD6),Summer 2016,6/1/2016,8.05,
213254,375,Nitrogen dioxide (NO2),Mean,ppb,CD,308,Crown Heights and Prospect Heights (CD8),Winter 2013-14,12/1/2013,29.77,
643642,375,Nitrogen dioxide (NO2),Mean,ppb,CD,308,Crown Heights and Prospect Heights (CD8),Annual Average 2019,1/1/2019,18.19,
643564,375,Nitrogen dioxide (NO2),Mean,ppb,CD,106,Stuyvesant Town and Turtle Bay (CD6),Annual Average 2019,1/1/2019,24.48,
823542,365,Fine particles (PM 2.5),Mean,mcg/m3,CD,406,Rego Park and Forest Hills (CD6),Winter 2021-22,12/1/2021,6.60710926,
169487,365,Fine particles (PM 2.5),Mean,mcg/m3,CD,308,Crown Heights and Prospect Heights (CD8),Summer 2012,6/1/2012,10.4,
169546,365,Fine particles (PM 2.5),Mean,mcg/m3,CD,308,Crown Heights and Prospect Heights (CD8),Summer 2013,6/1/2013,10.31,
877180,375,Nitrogen dioxide (NO2),Mean,ppb,CD,306,Park Slope and Carroll Gardens (CD6),Winter 2022-23,12/1/2022,23.39786453,
667706,375,Nitrogen dioxide (NO2),Mean,ppb,CD,308,Crown Heights and Prospect Heights (CD8),Winter 2019-20,12/1/2019,27.98,
643691,375,Nitrogen dioxide (NO2),Mean,ppb,CD,406,Rego Park and Forest Hills (CD6),Summer 2019,6/1/2019,12.97,
667802,375,Nitrogen dioxide (NO2),Mean,ppb,CD,406,Rego Park and Forest Hills (CD6),Winter 2019-20,12/1/2019,24.87,
877232,375,Nitrogen dioxide (NO2),Mean,ppb,CD,406,Rego Park and Forest Hills (CD6),Annual Average 2023,1/1/2023,16.40970406,
336869,375,Nitrogen dioxide (NO2),Mean,ppb,CD,408,Hillcrest and Fresh Meadows (CD8),Summer 2015,6/1/2015,13.5,
643697,375,Nitrogen dioxide (NO2),Mean,ppb,CD,408,Hillcrest and Fresh Meadows (CD8),Summer 2019,6/1/2019,12.53,
667814,375,Nitrogen dioxide (NO2),Mean,ppb,CD,408,Hillcrest and Fresh Meadows (CD8),Winter 2019-20,12/1/2019,22.21,
605903,365,Fine particles (PM 2.5),Mean,mcg/m3,CD,104,Clinton and Chelsea (CD4),Annual Average 2018,1/1/2018,9.14,
411115,365,Fine particles (PM 2.5),Mean,mcg/m3,CD,408,Hillcrest and Fresh Meadows (CD8),Annual Average 2016,12/31/2015,7.01,
825700,375,Nitrogen dioxide (NO2),Mean,ppb,UHF42,405,Ridgewood - Forest Hills,Summer 2022,6/1/2022,10.64357212,
825982,375,Nitrogen dioxide (NO2),Mean,ppb,UHF42,503,Willowbrook,Summer 2022,6/1/2022,8.26877671,
213608,375,Nitrogen dioxide (NO2),Mean,ppb,CD,308,Crown Heights and Prospect Heights (CD8),Annual Average 2014,12/1/2013,22.25,
166657,375,Nitrogen dioxide (NO2),Mean,ppb,CD,310,Bay Ridge and Dyker Heights (CD10),Summer 2009,6/1/2009,20.38,
167778,375,Nitrogen dioxide (NO2),Mean,ppb,CD,310,Bay Ridge and Dyker Heights (CD10),Annual Average 2013,12/1/2012,19.48,
165890,375,Nitrogen dioxide (NO2),Mean,ppb,CD,310,Bay Ridge and Dyker Heights (CD10),Winter 2010-11,12/1/2010,29.44,
165892,375,Nitrogen dioxide (NO2),Mean,ppb,CD,312,Borough Park (CD12),Winter 2010-11,12/1/2010,30.42,
166659,375,Nitrogen dioxide (NO2),Mean,ppb,CD,312,Borough Park (CD12),Summer 2009,6/1/2009,21.82,
741279,375,Nitrogen dioxide (NO2),Mean,ppb,CD,410,South Ozone Park and Howard Beach (CD10),Annual Average 2021,1/1/2021,14.63706828,
166716,375,Nitrogen dioxide (NO2),Mean,ppb,CD,310,Bay Ridge and Dyker Heights (CD10),Summer 2010,6/1/2010,18.08,
166775,375,Nitrogen dioxide (NO2),Mean,ppb,CD,310,Bay Ridge and Dyker Heights (CD10),Summer 2011,6/1/2011,18.06,
166718,375,Nitrogen dioxide (NO2),Mean,ppb,CD,312,Borough Park (CD12),Summer 2010,6/1/2010,19.15,
412685,375,Nitrogen dioxide (NO2),Mean,ppb,CD,110,Central Harlem (CD10),Winter 2015-16,12/1/2015,25.82,
412728,375,Nitrogen dioxide (NO2),Mean,ppb,CD,212,Williamsbridge and Baychester (CD12),Summer 2016,6/1/2016,14.07,
412727,375,Nitrogen dioxide (NO2),Mean,ppb,CD,212,Williamsbridge and Baychester (CD12),Winter 2015-16,12/1/2015,20.61,
412817,375,Nitrogen dioxide (NO2),Mean,ppb,CD,412,Jamaica and Hollis (CD12),Winter 2015-16,12/1/2015,22.56,
412818,375,Nitrogen dioxide (NO2),Mean,ppb,CD,412,Jamaica and Hollis (CD12),Summer 2016,6/1/2016,13.19,
166893,375,Nitrogen dioxide (NO2),Mean,ppb,CD,310,Bay Ridge and Dyker Heights (CD10),Summer 2013,6/1/2013,15.24,
166834,375,Nitrogen dioxide (NO2),Mean,ppb,CD,310,Bay Ridge and Dyker Heights (CD10),Summer 2012,6/1/2012,16.03,
166836,375,Nitrogen dioxide (NO2),Mean,ppb,CD,312,Borough Park (CD12),Summer 2012,6/1/2012,17,
166895,375,Nitrogen dioxide (NO2),Mean,ppb,CD,312,Borough Park (CD12),Summer 2013,6/1/2013,16.33,
412687,375,Nitrogen dioxide (NO2),Mean,ppb,CD,110,Central Harlem (CD10),Annual Average 2016,12/31/2015,22.27,
412729,375,Nitrogen dioxide (NO2),Mean,ppb,CD,212,Williamsbridge and Baychester (CD12),Annual Average 2016,12/31/2015,16.93,
550151,375,Nitrogen dioxide (NO2),Mean,ppb,CD,412,Jamaica and Hollis (CD12),Annual Average 2017,1/1/2017,17.79,
412819,375,Nitrogen dioxide (NO2),Mean,ppb,CD,412,Jamaica and Hollis (CD12),Annual Average 2016,12/31/2015,17.63,
826069,375,Nitrogen dioxide (NO2),Mean,ppb,CD,412,Jamaica and Hollis (CD12),Winter 2021-22,12/1/2021,19.4944245,
547663,365,Fine particles (PM 2.5),Mean,mcg/m3,CD,210,Throgs Neck and Co-op City (CD10),Annual Average 2017,1/1/2017,7.51,
168545,365,Fine particles (PM 2.5),Mean,mcg/m3,CD,310,Bay Ridge and Dyker Heights (CD10),Winter 2010-11,12/1/2010,12.46,
411035,365,Fine particles (PM 2.5),Mean,mcg/m3,CD,212,Williamsbridge and Baychester (CD12),Winter 2015-16,12/1/2015,8.27,
411125,365,Fine particles (PM 2.5),Mean,mcg/m3,CD,412,Jamaica and Hollis (CD12),Winter 2015-16,12/1/2015,7.4,
165772,375,Nitrogen dioxide (NO2),Mean,ppb,CD,310,Bay Ridge and Dyker Heights (CD10),Winter 2008-09,12/1/2008,28.35,
603034,375,Nitrogen dioxide (NO2),Mean,ppb,CD,310,Bay Ridge and Dyker Heights (CD10),Winter 2017-18,12/1/2017,23.61,
165774,375,Nitrogen dioxide (NO2),Mean,ppb,CD,312,Borough Park (CD12),Winter 2008-09,12/1/2008,30.04,
643570,375,Nitrogen dioxide (NO2),Mean,ppb,CD,108,Upper East Side (CD8),Annual Average 2019,1/1/2019,22.19,
165902,375,Nitrogen dioxide (NO2),Mean,ppb,CD,404,Elmhurst and Corona (CD4),Winter 2010-11,12/1/2010,33.08,
166669,375,Nitrogen dioxide (NO2),Mean,ppb,CD,404,Elmhurst and Corona (CD4),Summer 2009,6/1/2009,22.96,
167790,375,Nitrogen dioxide (NO2),Mean,ppb,CD,404,Elmhurst and Corona (CD4),Annual Average 2013,12/1/2012,22.82,
741207,375,Nitrogen dioxide (NO2),Mean,ppb,CD,304,Bushwick (CD4),Annual Average 2021,1/1/2021,17.51225886,
166728,375,Nitrogen dioxide (NO2),Mean,ppb,CD,404,Elmhurst and Corona (CD4),Summer 2010,6/1/2010,21.39,
166787,375,Nitrogen dioxide (NO2),Mean,ppb,CD,404,Elmhurst and Corona (CD4),Summer 2011,6/1/2011,21.41,
826356,375,Nitrogen dioxide (NO2),Mean,ppb,CD,403,Jackson Heights (CD3),Winter 2021-22,12/1/2021,21.16019598,
166846,375,Nitrogen dioxide (NO2),Mean,ppb,CD,404,Elmhurst and Corona (CD4),Summer 2012,6/1/2012,20.2,
166905,375,Nitrogen dioxide (NO2),Mean,ppb,CD,404,Elmhurst and Corona (CD4),Summer 2013,6/1/2013,19.38,
603068,375,Nitrogen dioxide (NO2),Mean,ppb,CD,404,Elmhurst and Corona (CD4),Annual Average 2018,1/1/2018,19.94,
603011,375,Nitrogen dioxide (NO2),Mean,ppb,CD,303,Bedford Stuyvesant (CD3),Annual Average 2018,1/1/2018,19.99,
550166,375,Nitrogen dioxide (NO2),Mean,ppb,CD,503,Tottenville and Great Kills (CD3),Annual Average 2017,1/1/2017,11.64,
165915,375,Nitrogen dioxide (NO2),Mean,ppb,CD,503,Tottenville and Great Kills (CD3),Winter 2010-11,12/1/2010,20.41,
166682,375,Nitrogen dioxide (NO2),Mean,ppb,CD,503,Tottenville and Great Kills (CD3),Summer 2009,6/1/2009,10.81,
167803,375,Nitrogen dioxide (NO2),Mean,ppb,CD,503,Tottenville and Great Kills (CD3),Annual Average 2013,12/1/2012,11.42,
547642,365,Fine particles (PM 2.5),Mean,mcg/m3,CD,203,Morrisania and Crotona (CD3),Annual Average 2017,1/1/2017,7.87,
170427,365,Fine particles (PM 2.5),Mean,mcg/m3,CD,304,Bushwick (CD4),Annual Average 2013,12/1/2012,8.82,
742476,365,Fine particles (PM 2.5),Mean,mcg/m3,CD,304,Bushwick (CD4),Annual Average 2021,1/1/2021,6.871332323,
170444,365,Fine particles (PM 2.5),Mean,mcg/m3,CD,403,Jackson Heights (CD3),Annual Average 2013,12/1/2012,8.43,
168557,365,Fine particles (PM 2.5),Mean,mcg/m3,CD,404,Elmhurst and Corona (CD4),Winter 2010-11,12/1/2010,12.67,
547720,365,Fine particles (PM 2.5),Mean,mcg/m3,CD,317,East Flatbush (CD17),Annual Average 2017,1/1/2017,7.49,
742438,365,Fine particles (PM 2.5),Mean,mcg/m3,CD,204,Highbridge and Concourse (CD4),Winter 2020-21,12/1/2020,6.621893635,
742474,365,Fine particles (PM 2.5),Mean,mcg/m3,CD,304,Bushwick (CD4),Winter 2020-21,12/1/2020,7.060204773,
169382,365,Fine particles (PM 2.5),Mean,mcg/m3,CD,403,Jackson Heights (CD3),Summer 2010,6/1/2010,11.61,
169442,365,Fine particles (PM 2.5),Mean,mcg/m3,CD,404,Elmhurst and Corona (CD4),Summer 2011,6/1/2011,11.6,
742567,365,Fine particles (PM 2.5),Mean,mcg/m3,CD,503,Tottenville and Great Kills (CD3),Winter 2020-21,12/1/2020,6.501186679,
169396,365,Fine particles (PM 2.5),Mean,mcg/m3,CD,503,Tottenville and Great Kills (CD3),Summer 2010,6/1/2010,11.27,
169455,365,Fine particles (PM 2.5),Mean,mcg/m3,CD,503,Tottenville and Great Kills (CD3),Summer 2011,6/1/2011,10.99,
741299,375,Nitrogen dioxide (NO2),Mean,ppb,CD,503,Tottenville and Great Kills (CD3),Summer 2021,6/1/2021,5.085557968,
166859,375,Nitrogen dioxide (NO2),Mean,ppb,CD,503,Tottenville and Great Kills (CD3),Summer 2012,6/1/2012,8.03,
166918,375,Nitrogen dioxide (NO2),Mean,ppb,CD,503,Tottenville and Great Kills (CD3),Summer 2013,6/1/2013,7.59,
412834,375,Nitrogen dioxide (NO2),Mean,ppb,CD,503,Tottenville and Great Kills (CD3),Annual Average 2016,12/31/2015,11.44,
336723,375,Nitrogen dioxide (NO2),Mean,ppb,CD,101,Financial District (CD1),Winter 2014-15,12/1/2014,30.4,
336798,375,Nitrogen dioxide (NO2),Mean,ppb,CD,302,Fort Greene and Brooklyn Heights (CD2),Winter 2014-15,12/1/2014,27.38,
741201,375,Nitrogen dioxide (NO2),Mean,ppb,CD,302,Fort Greene and Brooklyn Heights (CD2),Annual Average 2021,1/1/2021,18.80308105,
826036,375,Nitrogen dioxide (NO2),Mean,ppb,CD,302,Fort Greene and Brooklyn Heights (CD2),Winter 2021-22,12/1/2021,23.53270216,
550163,375,Nitrogen dioxide (NO2),Mean,ppb,CD,502,South Beach and Willowbrook (CD2),Annual Average 2017,1/1/2017,13.19,
603101,375,Nitrogen dioxide (NO2),Mean,ppb,CD,501,St. George and Stapleton (CD1),Annual Average 2018,1/1/2018,16.07,
412828,375,Nitrogen dioxide (NO2),Mean,ppb,CD,501,St. George and Stapleton (CD1),Annual Average 2016,12/31/2015,16.86,
168525,365,Fine particles (PM 2.5),Mean,mcg/m3,CD,202,Hunts Point and Longwood (CD2),Winter 2010-11,12/1/2010,14.51,
169292,365,Fine particles (PM 2.5),Mean,mcg/m3,CD,202,Hunts Point and Longwood (CD2),Summer 2009,6/1/2009,11.49,
170413,365,Fine particles (PM 2.5),Mean,mcg/m3,CD,202,Hunts Point and Longwood (CD2),Annual Average 2013,12/1/2012,9.76,
334260,365,Fine particles (PM 2.5),Mean,mcg/m3,CD,302,Fort Greene and Brooklyn Heights (CD2),Winter 2014-15,12/1/2014,10.03,
168554,365,Fine particles (PM 2.5),Mean,mcg/m3,CD,401,Long Island City and Astoria (CD1),Winter 2010-11,12/1/2010,13.06,
169351,365,Fine particles (PM 2.5),Mean,mcg/m3,CD,202,Hunts Point and Longwood (CD2),Summer 2010,6/1/2010,12.85,
169410,365,Fine particles (PM 2.5),Mean,mcg/m3,CD,202,Hunts Point and Longwood (CD2),Summer 2011,6/1/2011,12.38,
742432,365,Fine particles (PM 2.5),Mean,mcg/m3,CD,202,Hunts Point and Longwood (CD2),Winter 2020-21,12/1/2020,7.413674015,
411134,365,Fine particles (PM 2.5),Mean,mcg/m3,CD,501,St. George and Stapleton (CD1),Winter 2015-16,12/1/2015,7.87,
603104,375,Nitrogen dioxide (NO2),Mean,ppb,CD,502,South Beach and Willowbrook (CD2),Annual Average 2018,1/1/2018,12.84,
643552,375,Nitrogen dioxide (NO2),Mean,ppb,CD,102,Greenwich Village and Soho (CD2),Annual Average 2019,1/1/2019,23.44,
643621,375,Nitrogen dioxide (NO2),Mean,ppb,CD,301,Greenpoint and Williamsburg (CD1),Annual Average 2019,1/1/2019,21.51,
826038,375,Nitrogen dioxide (NO2),Mean,ppb,CD,302,Fort Greene and Brooklyn Heights (CD2),Annual Average 2022,1/1/2022,18.53568195,
603106,375,Nitrogen dioxide (NO2),Mean,ppb,CD,502,South Beach and Willowbrook (CD2),Winter 2017-18,12/1/2017,18.74,
605930,365,Fine particles (PM 2.5),Mean,mcg/m3,CD,201,Mott Haven and Melrose (CD1),Annual Average 2018,1/1/2018,8.05,
169528,365,Fine particles (PM 2.5),Mean,mcg/m3,CD,202,Hunts Point and Longwood (CD2),Summer 2013,6/1/2013,11.13,
169469,365,Fine particles (PM 2.5),Mean,mcg/m3,CD,202,Hunts Point and Longwood (CD2),Summer 2012,6/1/2012,11.22,
742433,365,Fine particles (PM 2.5),Mean,mcg/m3,CD,202,Hunts Point and Longwood (CD2),Summer 2021,6/1/2021,9.30273131,
823476,365,Fine particles (PM 2.5),Mean,mcg/m3,CD,302,Fort Greene and Brooklyn Heights (CD2),Winter 2021-22,12/1/2021,7.360701245,
169321,365,Fine particles (PM 2.5),Mean,mcg/m3,CD,401,Long Island City and Astoria (CD1),Summer 2009,6/1/2009,10.83,
334185,365,Fine particles (PM 2.5),Mean,mcg/m3,CD,101,Financial District (CD1),Winter 2014-15,12/1/2014,10.98,
742563,365,Fine particles (PM 2.5),Mean,mcg/m3,CD,501,St. George and Stapleton (CD1),Annual Average 2021,1/1/2021,6.335447406,
547771,365,Fine particles (PM 2.5),Mean,mcg/m3,CD,502,South Beach and Willowbrook (CD2),Annual Average 2017,1/1/2017,6.89,
826341,375,Nitrogen dioxide (NO2),Mean,ppb,CD,316,Brownsville (CD16),Winter 2021-22,12/1/2021,21.72063225,
825838,375,Nitrogen dioxide (NO2),Mean,ppb,CD,105,Midtown (CD5),Winter 2021-22,12/1/2021,29.186725,
547717,365,Fine particles (PM 2.5),Mean,mcg/m3,CD,316,Brownsville (CD16),Annual Average 2017,1/1/2017,7.62,
411014,365,Fine particles (PM 2.5),Mean,mcg/m3,CD,205,Fordham and University Heights (CD5),Winter 2015-16,12/1/2015,9.01,
603052,375,Nitrogen dioxide (NO2),Mean,ppb,CD,316,Brownsville (CD16),Winter 2017-18,12/1/2017,25.7,
826343,375,Nitrogen dioxide (NO2),Mean,ppb,CD,316,Brownsville (CD16),Annual Average 2022,1/1/2022,15.94249185,
825836,375,Nitrogen dioxide (NO2),Mean,ppb,CD,105,Midtown (CD5),Annual Average 2022,1/1/2022,25.46363511,
823166,365,Fine particles (PM 2.5),Mean,mcg/m3,CD,205,Fordham and University Heights (CD5),Winter 2021-22,12/1/2021,7.212346386,
605978,365,Fine particles (PM 2.5),Mean,mcg/m3,CD,305,East New York and Starrett City (CD5),Annual Average 2018,1/1/2018,7.02,
823518,365,Fine particles (PM 2.5),Mean,mcg/m3,CD,316,Brownsville (CD16),Winter 2021-22,12/1/2021,6.761644117,
334197,365,Fine particles (PM 2.5),Mean,mcg/m3,CD,105,Midtown (CD5),Winter 2014-15,12/1/2014,13.2,
877208,375,Nitrogen dioxide (NO2),Mean,ppb,CD,316,Brownsville (CD16),Annual Average 2023,1/1/2023,17.43709819,
742406,365,Fine particles (PM 2.5),Mean,mcg/m3,CD,105,Midtown (CD5),Summer 2021,6/1/2021,10.94066729,
172160,375,Nitrogen dioxide (NO2),Mean,ppb,UHF34,407,Southwest Queens,Summer 2011,6/1/2011,17.53,
172126,375,Nitrogen dioxide (NO2),Mean,ppb,UHF34,407,Southwest Queens,Summer 2010,6/1/2010,17.75,
412622,375,Nitrogen dioxide (NO2),Mean,ppb,UHF34,407,Southwest Queens,Winter 2015-16,12/1/2015,22.91,
412623,375,Nitrogen dioxide (NO2),Mean,ppb,UHF34,407,Southwest Queens,Summer 2016,6/1/2016,12.77,
741088,375,Nitrogen dioxide (NO2),Mean,ppb,UHF34,407,Southwest Queens,Winter 2020-21,12/1/2020,21.28584552,
823520,365,Fine particles (PM 2.5),Mean,mcg/m3,CD,316,Brownsville (CD16),Annual Average 2022,1/1/2022,5.757663772,
603051,375,Nitrogen dioxide (NO2),Mean,ppb,CD,316,Brownsville (CD16),Summer 2018,6/1/2018,13.22,
550110,375,Nitrogen dioxide (NO2),Mean,ppb,CD,316,Brownsville (CD16),Winter 2016-17,12/1/2016,25.7,
550129,375,Nitrogen dioxide (NO2),Mean,ppb,CD,405,Ridgewood and Maspeth (CD5),Summer 2017,6/1/2017,13.77,
172738,375,Nitrogen dioxide (NO2),Mean,ppb,UHF34,407,Southwest Queens,Annual Average 2013,12/1/2012,19.65,
171650,375,Nitrogen dioxide (NO2),Mean,ppb,UHF34,407,Southwest Queens,Winter 2010-11,12/1/2010,29.53,
549956,375,Nitrogen dioxide (NO2),Mean,ppb,UHF34,407,Southwest Queens,Annual Average 2017,1/1/2017,17.95,
175880,375,Nitrogen dioxide (NO2),Mean,ppb,UHF42,102,Northeast Bronx,Summer 2009,6/1/2009,17.94,
175964,375,Nitrogen dioxide (NO2),Mean,ppb,UHF42,102,Northeast Bronx,Summer 2011,6/1/2011,17.16,
412431,375,Nitrogen dioxide (NO2),Mean,ppb,UHF42,102,Northeast Bronx,Summer 2016,6/1/2016,14.6,
412497,375,Nitrogen dioxide (NO2),Mean,ppb,UHF42,306,Chelsea - Clinton,Summer 2016,6/1/2016,24.97,
412624,375,Nitrogen dioxide (NO2),Mean,ppb,UHF34,407,Southwest Queens,Annual Average 2016,12/31/2015,17.8,
825886,375,Nitrogen dioxide (NO2),Mean,ppb,UHF34,407,Southwest Queens,Winter 2021-22,12/1/2021,19.37814707,
602801,375,Nitrogen dioxide (NO2),Mean,ppb,UHF42,406,Fresh Meadows,Annual Average 2018,1/1/2018,17.34,
825698,375,Nitrogen dioxide (NO2),Mean,ppb,UHF42,406,Fresh Meadows,Winter 2021-22,12/1/2021,20.03329582,
176006,375,Nitrogen dioxide (NO2),Mean,ppb,UHF42,102,Northeast Bronx,Summer 2012,6/1/2012,16.25,
166656,375,Nitrogen dioxide (NO2),Mean,ppb,CD,309,South Crown Heights and Lefferts Gardens (CD9),Summer 2009,6/1/2009,23.51,
167777,375,Nitrogen dioxide (NO2),Mean,ppb,CD,309,South Crown Heights and Lefferts Gardens (CD9),Annual Average 2013,12/1/2012,22.12,
165891,375,Nitrogen dioxide (NO2),Mean,ppb,CD,311,Bensonhurst (CD11),Winter 2010-11,12/1/2010,28.71,
167779,375,Nitrogen dioxide (NO2),Mean,ppb,CD,311,Bensonhurst (CD11),Annual Average 2013,12/1/2012,18.96,
166658,375,Nitrogen dioxide (NO2),Mean,ppb,CD,311,Bensonhurst (CD11),Summer 2009,6/1/2009,19.2,
165879,375,Nitrogen dioxide (NO2),Mean,ppb,CD,211,Morris Park and Bronxdale (CD11),Winter 2010-11,12/1/2010,27.27,
167767,375,Nitrogen dioxide (NO2),Mean,ppb,CD,211,Morris Park and Bronxdale (CD11),Annual Average 2013,12/1/2012,18.97,
166676,375,Nitrogen dioxide (NO2),Mean,ppb,CD,411,Bayside and Little Neck (CD11),Summer 2009,6/1/2009,17.21,
167797,375,Nitrogen dioxide (NO2),Mean,ppb,CD,411,Bayside and Little Neck (CD11),Annual Average 2013,12/1/2012,16.82,
741282,375,Nitrogen dioxide (NO2),Mean,ppb,CD,411,Bayside and Little Neck (CD11),Annual Average 2021,1/1/2021,14.16573829,
166715,375,Nitrogen dioxide (NO2),Mean,ppb,CD,309,South Crown Heights and Lefferts Gardens (CD9),Summer 2010,6/1/2010,20.8,
166774,375,Nitrogen dioxide (NO2),Mean,ppb,CD,309,South Crown Heights and Lefferts Gardens (CD9),Summer 2011,6/1/2011,20.55,
166717,375,Nitrogen dioxide (NO2),Mean,ppb,CD,311,Bensonhurst (CD11),Summer 2010,6/1/2010,17.18,
166776,375,Nitrogen dioxide (NO2),Mean,ppb,CD,311,Bensonhurst (CD11),Summer 2011,6/1/2011,17.26,
741148,375,Nitrogen dioxide (NO2),Mean,ppb,CD,109,Morningside Heights and Hamilton Heights (CD9),Winter 2020-21,12/1/2020,21.53274518,
166764,375,Nitrogen dioxide (NO2),Mean,ppb,CD,211,Morris Park and Bronxdale (CD11),Summer 2011,6/1/2011,17.59,
166705,375,Nitrogen dioxide (NO2),Mean,ppb,CD,211,Morris Park and Bronxdale (CD11),Summer 2010,6/1/2010,18.45,
166794,375,Nitrogen dioxide (NO2),Mean,ppb,CD,411,Bayside and Little Neck (CD11),Summer 2011,6/1/2011,15.75,
166735,375,Nitrogen dioxide (NO2),Mean,ppb,CD,411,Bayside and Little Neck (CD11),Summer 2010,6/1/2010,16.38,
166833,375,Nitrogen dioxide (NO2),Mean,ppb,CD,309,South Crown Heights and Lefferts Gardens (CD9),Summer 2012,6/1/2012,18.77,
166892,375,Nitrogen dioxide (NO2),Mean,ppb,CD,309,South Crown Heights and Lefferts Gardens (CD9),Summer 2013,6/1/2013,18.49,
166835,375,Nitrogen dioxide (NO2),Mean,ppb,CD,311,Bensonhurst (CD11),Summer 2012,6/1/2012,15.26,
166894,375,Nitrogen dioxide (NO2),Mean,ppb,CD,311,Bensonhurst (CD11),Summer 2013,6/1/2013,14.18,
166823,375,Nitrogen dioxide (NO2),Mean,ppb,CD,211,Morris Park and Bronxdale (CD11),Summer 2012,6/1/2012,16.52,
741281,375,Nitrogen dioxide (NO2),Mean,ppb,CD,411,Bayside and Little Neck (CD11),Summer 2021,6/1/2021,10.2155364,
